City_ID,City,Country,Date,Lat,Lng,Max Temp,Humidity,Cloudiness,Wind Speed
0,Butaritari,KI,2022-11-19 16:07:54,3.0707,172.7902,81.16,74,95,16.37
1,Llandrindod Wells,GB,2022-11-19 16:07:54,52.2416,-3.3787,43.95,85,100,4.47
2,Dubbo,AU,2022-11-19 16:07:55,-32.25,148.6167,71.73,56,75,11.5
3,Ushuaia,AR,2022-11-19 16:03:37,-54.8,-68.3,56.82,44,40,17.27
4,Marawi,PH,2022-11-19 16:07:55,7.9986,124.2928,69.22,95,100,2.28
5,Sao Joao Da Barra,BR,2022-11-19 16:07:56,-21.6403,-41.0511,75.87,57,82,10.4
6,Rikitea,PF,2022-11-19 16:07:57,-23.1203,-134.9692,70.18,70,100,12.08
7,Tlaltenango,MX,2022-11-19 16:07:57,19.1667,-98.3333,63.1,55,40,4.61
8,New Norfolk,AU,2022-11-19 16:07:57,-42.7826,147.0587,56.7,88,100,1.28
9,Punta Arenas,CL,2022-11-19 16:07:58,-53.15,-70.9167,50.11,62,20,34.52
10,Solnechnyy,RU,2022-11-19 16:07:58,50.7214,136.6319,22.77,85,100,4.81
11,Avarua,CK,2022-11-19 16:07:59,-21.2078,-159.775,71.65,88,75,4.61
12,Aberdeen,GB,2022-11-19 16:07:59,57.1437,-2.0981,47.19,80,100,18.41
13,Barrow,US,2022-11-19 16:07:59,71.2906,-156.7887,26.62,68,100,14.97
14,East London,ZA,2022-11-19 16:08:00,-33.0153,27.9116,66.49,64,36,19.06
15,Oktyabrskoye,RU,2022-11-19 16:08:00,43.0645,44.7417,41.14,87,7,6.71
16,Atar,MR,2022-11-19 16:08:01,20.5169,-13.0499,83.82,21,1,12.59
17,Sola,VU,2022-11-19 16:08:01,-13.8833,167.55,81.32,73,81,9.95
18,Emerald,AU,2022-11-19 16:03:16,-23.5333,148.1667,74.34,83,30,16.64
19,Albany,US,2022-11-19 16:08:00,42.6001,-73.9662,37.02,56,4,4.47
20,Gornyy,RU,2022-11-19 16:08:03,55.1153,83.9059,17.04,94,100,12.21
21,Port Moresby,PG,2022-11-19 16:08:04,-9.4431,147.1797,78.24,89,52,5.59
22,Afua,BR,2022-11-19 16:08:04,-0.1567,-50.3867,89.69,51,93,7.72
23,Juneau,US,2022-11-19 16:08:04,58.3019,-134.4197,39.11,100,100,0.0
24,Nevers,FR,2022-11-19 16:08:05,46.9167,3.3333,43.38,93,100,3.44
25,Varkkallai,IN,2022-11-19 16:08:05,8.7341,76.7067,82.18,79,100,0.16
26,Anloga,GH,2022-11-19 16:08:06,5.7947,0.8973,83.98,67,9,10.96
27,Talara,PE,2022-11-19 16:08:06,-4.5772,-81.2719,77.76,61,0,11.5
28,Feni,BD,2022-11-19 16:08:06,23.0186,91.41,68.22,76,48,5.12
29,Busselton,AU,2022-11-19 16:08:07,-33.65,115.3333,52.56,87,7,6.24
30,Muhos,FI,2022-11-19 16:08:07,64.808,25.9931,26.38,98,12,2.95
31,Los Llanos De Aridane,ES,2022-11-19 16:08:08,28.6585,-17.9182,69.55,64,40,17.27
32,Shingu,JP,2022-11-19 16:08:08,33.7333,135.9833,57.88,73,85,6.29
33,Rawson,AR,2022-11-19 16:08:09,-43.3002,-65.1023,71.24,31,99,10.89
34,Jamestown,US,2022-11-19 16:03:46,42.097,-79.2353,26.19,54,75,14.97
35,San Andres,CO,2022-11-19 16:08:09,12.5847,-81.7006,73.42,100,100,11.5
36,Waipawa,NZ,2022-11-19 16:08:09,-41.4122,175.5153,53.8,89,85,4.05
37,Padang,ID,2022-11-19 16:08:10,-0.9492,100.3543,75.25,87,100,3.65
38,Catamarca,AR,2022-11-19 16:08:11,-28.4696,-65.7852,95.58,26,7,5.99
39,Hithadhoo,MV,2022-11-19 16:08:11,-0.6,73.0833,81.03,78,30,10.25
40,Lima,PE,2022-11-19 16:05:21,-12.0432,-77.0282,66.45,73,100,6.91
41,Ponta Delgada,PT,2022-11-19 16:08:12,37.7333,-25.6667,67.5,68,75,12.66
42,Flinders,AU,2022-11-19 16:08:13,-34.5833,150.8552,66.38,83,79,4.0
43,San Quintin,MX,2022-11-19 16:08:13,30.4833,-115.95,60.64,49,0,1.14
44,Cape Town,ZA,2022-11-19 16:09:14,-33.9258,18.4232,70.12,53,22,7.0
45,Longyearbyen,SJ,2022-11-19 16:09:14,78.2186,15.6401,39.04,81,100,14.97
46,Aklavik,CA,2022-11-19 16:09:15,68.2191,-135.0107,19.72,88,98,2.71
47,Tiksi,RU,2022-11-19 16:09:16,71.6872,128.8694,-9.8,96,100,5.48
48,Airai,TL,2022-11-19 16:09:16,-8.9266,125.4092,62.28,95,100,0.45
49,Ilulissat,GL,2022-11-19 16:09:17,69.2167,-51.1,10.83,85,99,1.34
50,Caravelas,BR,2022-11-19 16:09:18,-17.7125,-39.2481,76.89,78,100,11.54
51,Hilo,US,2022-11-19 16:05:35,19.7297,-155.09,71.26,91,75,8.99
52,Kapaa,US,2022-11-19 16:09:18,22.0752,-159.319,75.52,88,40,19.57
53,Tevriz,RU,2022-11-19 16:09:19,57.509,72.4042,-1.44,93,29,5.32
54,Atuona,PF,2022-11-19 16:06:42,-9.8,-139.0333,76.84,73,40,11.81
55,Chuy,UY,2022-11-19 16:09:20,-33.6971,-53.4616,81.18,48,91,12.37
56,Dikson,RU,2022-11-19 16:06:10,73.5069,80.5464,-15.39,100,57,3.13
57,Dingle,PH,2022-11-19 16:08:53,10.9995,122.6711,75.33,94,100,2.17
58,Sarny,UA,2022-11-19 16:09:20,51.338,26.6019,27.5,76,100,7.74
59,Koslan,RU,2022-11-19 16:09:21,63.4564,48.8989,11.17,92,57,6.38
60,Ossora,RU,2022-11-19 16:09:21,59.2353,163.0719,10.6,79,2,6.13
61,Staryy Nadym,RU,2022-11-19 16:09:22,65.6118,72.6842,-2.54,92,100,20.94
62,Carnarvon,AU,2022-11-19 16:09:22,-24.8667,113.6333,67.15,63,0,26.42
63,Cabo San Lucas,MX,2022-11-19 16:04:53,22.8909,-109.9124,75.51,67,75,0.0
64,Merritt Island,US,2022-11-19 16:09:23,28.5392,-80.672,73.09,71,0,11.5
65,Saint-Philippe,RE,2022-11-19 16:09:23,-21.3585,55.7679,74.79,75,49,7.38
66,Okhotsk,RU,2022-11-19 16:09:23,59.3833,143.3,1.89,74,54,7.58
67,Husavik,IS,2022-11-19 16:09:24,66.0449,-17.3389,44.94,85,96,22.12
68,Hobart,AU,2022-11-19 16:05:00,-42.8794,147.3294,57.06,94,100,4.61
69,Mataura,NZ,2022-11-19 16:09:24,-46.1927,168.8643,51.3,95,91,3.42
70,Zhuzhou,CN,2022-11-19 16:09:25,27.8333,113.15,58.55,85,4,1.19
71,Pacific Grove,US,2022-11-19 16:09:25,36.6177,-121.9166,55.65,66,1,1.01
72,Miraflores,MX,2022-11-19 16:09:25,19.2167,-98.8083,64.98,53,100,2.84
73,Tuktoyaktuk,CA,2022-11-19 16:09:26,69.4541,-133.0374,28.4,100,100,13.8
74,Ust-Maya,RU,2022-11-19 16:09:26,60.4167,134.5333,6.53,97,100,1.66
75,Buraydah,SA,2022-11-19 16:08:45,26.326,43.975,67.03,47,16,19.57
76,Pevek,RU,2022-11-19 16:09:27,69.7008,170.3133,-9.47,94,100,2.64
77,Canto Do Buriti,BR,2022-11-19 16:06:31,-8.11,-42.9444,89.35,41,99,6.93
78,Mizdah,LY,2022-11-19 16:09:28,31.4451,12.9801,72.5,23,100,7.76
79,Prince George,CA,2022-11-19 16:09:28,53.9166,-122.753,15.24,85,100,5.75
80,Luderitz,NA,2022-11-19 16:09:29,-26.6481,15.1594,73.45,45,85,30.82
81,Ponta Do Sol,PT,2022-11-19 16:09:29,32.6667,-17.1,69.01,46,72,7.11
82,Bredasdorp,ZA,2022-11-19 16:09:30,-34.5322,20.0403,65.84,50,1,15.73
83,Srednekolymsk,RU,2022-11-19 16:08:54,67.45,153.6833,-14.98,92,100,12.84
84,Hermanus,ZA,2022-11-19 16:07:32,-34.4187,19.2345,65.8,65,0,11.59
85,Vaini,TO,2022-11-19 16:04:52,-21.2,-175.2,76.66,74,23,8.14
86,Souillac,MU,2022-11-19 16:09:31,-20.5167,57.5167,74.14,67,11,7.27
87,Olafsvik,IS,2022-11-19 16:10:31,64.8945,-23.7142,42.33,64,100,22.46
88,Nan,TH,2022-11-19 16:10:31,18.8333,100.6667,70.29,96,98,0.98
89,Sinnamary,GF,2022-11-19 16:10:32,5.3833,-52.95,83.48,68,99,10.07
90,Robertsport,LR,2022-11-19 16:10:32,6.7533,-11.3686,81.46,58,91,5.77
91,Tasiilaq,GL,2022-11-19 16:10:33,65.6145,-37.6368,39.36,70,100,13.04
92,Alofi,NU,2022-11-19 16:10:33,-19.0595,-169.9187,75.29,75,12,8.32
93,Jennings,US,2022-11-19 16:10:34,38.7192,-90.2604,34.97,49,20,19.57
94,Dunedin,NZ,2022-11-19 16:10:34,-45.8742,170.5036,52.81,94,100,2.93
95,Ribeira Grande,PT,2022-11-19 16:10:35,38.5167,-28.7,66.6,82,75,15.99
96,Saldanha,ZA,2022-11-19 16:07:33,-33.0117,17.9442,63.07,68,0,14.43
97,Paamiut,GL,2022-11-19 16:10:36,61.994,-49.6678,26.26,90,100,5.53
98,Mendoza,AR,2022-11-19 16:10:36,-32.8908,-68.8272,84.07,38,28,5.08
99,Suba,PH,2022-11-19 16:10:36,10.8438,121.0102,80.04,83,100,12.35
100,Port Alfred,ZA,2022-11-19 16:10:37,-33.5906,26.891,66.18,78,3,5.01
101,Torbay,CA,2022-11-19 16:10:37,47.6666,-52.7314,41.58,76,97,3.0
102,Palafrugell,ES,2022-11-19 16:10:38,41.9174,3.1631,56.77,33,76,11.01
103,Bambous Virieux,MU,2022-11-19 16:10:38,-20.3428,57.7575,73.22,65,4,6.85
104,Saint Anthony,US,2022-11-19 16:10:38,45.0205,-93.218,18.25,65,100,19.57
105,Pangnirtung,CA,2022-11-19 16:10:39,66.1451,-65.7125,-0.15,81,79,3.83
106,Mitsamiouli,KM,2022-11-19 16:10:39,-11.3847,43.2844,79.39,77,0,6.22
107,Makakilo City,US,2022-11-19 16:10:40,21.3469,-158.0858,74.68,78,20,5.75
108,Bandarbeyla,SO,2022-11-19 16:10:40,9.4942,50.8122,80.01,81,100,18.77
109,Ler,SS,2022-11-19 16:10:40,8.3018,30.1418,83.95,25,100,4.27
110,Uberlandia,BR,2022-11-19 16:06:35,-18.9186,-48.2772,88.74,30,15,6.11
111,Batemans Bay,AU,2022-11-19 16:10:41,-35.7167,150.1833,60.84,81,92,7.4
112,Yulara,AU,2022-11-19 16:10:41,-25.2406,130.9889,67.5,20,6,12.28
113,Celendin,PE,2022-11-19 16:10:42,-6.8703,-78.1517,75.72,48,89,3.69
114,Hofn,IS,2022-11-19 16:10:42,64.2539,-15.2082,44.83,79,100,18.59
115,Ancud,CL,2022-11-19 16:07:30,-41.8697,-73.8203,51.17,92,100,10.94
116,Thompson,CA,2022-11-19 16:10:43,55.7435,-97.8558,-3.51,87,94,4.83
117,Vanavara,RU,2022-11-19 16:10:43,60.34,102.2797,-5.67,100,92,3.49
118,Zemio,CF,2022-11-19 16:10:44,5.0314,25.1361,80.11,48,86,1.61
119,Tapah,MY,2022-11-19 16:10:44,4.2004,101.2598,75.09,96,100,1.86
120,Kerman,IR,2022-11-19 16:10:44,30.2832,57.0788,59.63,47,100,5.08
121,Kahului,US,2022-11-19 16:10:45,20.8947,-156.47,77.85,79,20,14.97
122,Norman Wells,CA,2022-11-19 16:10:08,65.282,-126.8329,17.91,94,100,2.95
123,Atasu,KZ,2022-11-19 16:10:45,48.6814,71.6433,25.81,89,100,3.53
124,Port Elizabeth,ZA,2022-11-19 16:10:46,-33.918,25.5701,66.31,77,0,5.99
125,Tarauaca,BR,2022-11-19 16:07:01,-8.1614,-70.7656,93.81,44,100,3.87
126,Gorontalo,ID,2022-11-19 16:10:46,0.5412,123.0595,76.03,91,100,1.19
127,Lebu,CL,2022-11-19 16:10:47,-37.6167,-73.65,58.57,61,54,16.96
128,Bengkulu,ID,2022-11-19 16:10:47,-3.8004,102.2655,75.22,90,100,6.24
129,Georgetown,MY,2022-11-19 16:06:53,5.4112,100.3354,79.9,94,20,0.0
130,Esperance,AU,2022-11-19 16:08:49,-33.8667,121.9,58.28,73,47,16.93
131,Mahebourg,MU,2022-11-19 16:11:48,-20.4081,57.7,73.26,66,11,6.38
132,Adrar,MR,2022-11-19 16:11:49,20.5022,-10.0711,80.94,18,0,8.84
133,Menongue,AO,2022-11-19 16:11:49,-14.6585,17.691,92.89,17,72,7.4
134,Voi,KE,2022-11-19 16:11:49,-3.3945,38.563,72.52,88,95,6.73
135,Le Port,RE,2022-11-19 16:11:50,-20.9373,55.2919,75.2,72,35,1.68
136,Kaili,ID,2022-11-19 16:11:50,-3.4626,120.2147,67.57,86,100,3.09
137,Liku,ID,2022-11-19 16:11:51,-0.7275,119.8922,75.96,90,97,2.44
138,Bathsheba,BB,2022-11-19 16:11:51,13.2167,-59.5167,88.41,66,40,20.71
139,Kudahuvadhoo,MV,2022-11-19 16:11:52,2.6708,72.8944,81.95,77,75,13.96
140,Seinajoki,FI,2022-11-19 16:11:52,62.7945,22.8282,27.99,89,100,8.99
141,Salalah,OM,2022-11-19 16:11:53,17.0151,54.0924,80.69,65,0,1.14
142,Mariakani,KE,2022-11-19 16:11:53,-3.8633,39.4736,77.09,94,99,4.56
143,Petropavlovsk-Kamchatskiy,RU,2022-11-19 16:11:53,53.0452,158.6483,6.78,66,17,9.35
144,Bluff,NZ,2022-11-19 16:11:54,-46.6,168.3333,51.84,94,55,12.17
145,Bima,ID,2022-11-19 16:11:54,-8.4667,118.7167,76.19,96,100,1.16
146,Berlevag,NO,2022-11-19 16:11:54,70.8578,29.0864,37.4,70,100,16.11
147,Bukachacha,RU,2022-11-19 16:11:55,52.9833,116.9167,10.67,82,100,4.88
148,San Lorenzo,PY,2022-11-19 16:11:55,-25.3333,-57.5333,90.54,35,0,18.41
149,Rio Claro,BR,2022-11-19 16:09:10,-22.4114,-47.5614,87.67,35,11,4.97
150,Teguise,ES,2022-11-19 16:11:56,29.0605,-13.564,71.82,46,40,32.21
151,Saskylakh,RU,2022-11-19 16:11:57,71.9167,114.0833,-18.56,99,96,3.04
152,Hovd,MN,2022-11-19 16:11:57,48.0056,91.6419,14.65,47,81,0.63
153,General Cepeda,MX,2022-11-19 16:11:58,25.3833,-101.45,54.7,74,65,3.62
154,Kedrovyy,RU,2022-11-19 16:07:39,56.1667,91.8167,0.01,96,27,4.27
155,Cambridge,CA,2022-11-19 16:09:31,43.3601,-80.3127,28.81,60,70,5.99
156,Shemonaikha,KZ,2022-11-19 16:11:58,50.6328,81.9056,24.66,92,100,10.85
157,Severo-Kurilsk,RU,2022-11-19 16:11:59,50.6789,156.125,33.44,70,79,13.78
158,Saint-Georges,GD,2022-11-19 16:11:59,12.0564,-61.7485,81.27,77,10,15.21
159,Homer,US,2022-11-19 16:11:59,59.6425,-151.5483,38.8,75,75,8.99
160,Nyrob,RU,2022-11-19 16:12:00,60.733,56.7202,7.83,97,90,1.45
161,Puerto Ayora,EC,2022-11-19 16:12:00,-0.7393,-90.3518,78.76,93,99,8.99
162,Tuatapere,NZ,2022-11-19 16:12:00,-46.1333,167.6833,50.97,96,43,2.28
163,Grindavik,IS,2022-11-19 16:12:01,63.8424,-22.4338,43.27,75,0,25.32
164,Nikolskoye,RU,2022-11-19 16:12:01,59.7035,30.7861,21.09,73,32,6.69
165,Maryville,US,2022-11-19 16:08:01,35.7565,-83.9705,44.19,54,0,5.01
166,Yellowknife,CA,2022-11-19 16:07:59,62.456,-114.3525,14.56,72,78,11.01
167,Constitucion,CL,2022-11-19 16:12:02,-35.3333,-72.4167,64.56,61,21,19.48
168,Bethel,US,2022-11-19 16:12:02,41.3712,-73.414,39.18,55,0,6.91
169,Dzhebariki-Khaya,RU,2022-11-19 16:12:03,62.2167,135.8,2.35,98,100,3.44
170,Mayumba,GA,2022-11-19 16:12:03,-3.432,10.6554,78.85,82,99,10.98
171,Provideniya,RU,2022-11-19 16:12:04,64.3833,-173.3,25.92,84,100,5.01
172,Luanda,AO,2022-11-19 16:12:04,-8.8368,13.2343,82.4,69,0,12.66
173,Tecoanapa,MX,2022-11-19 16:12:04,16.5167,-98.75,83.25,64,85,1.83
174,Lompoc,US,2022-11-19 16:12:05,34.6391,-120.4579,61.79,66,0,8.05
175,Ekpoma,NG,2022-11-19 16:12:05,6.7421,6.139,85.55,52,88,2.91
176,Valley City,US,2022-11-19 16:10:06,46.9233,-98.0032,7.32,78,0,17.27
177,Mar Del Plata,AR,2022-11-19 16:09:55,-38.0023,-57.5575,68.02,91,75,9.22
178,Kabalo,CD,2022-11-19 16:13:06,-6.05,26.9167,72.79,92,98,2.53
179,San Patricio,US,2022-11-19 16:13:07,28.017,-97.5169,49.87,84,100,21.18
180,Cockburn Town,TC,2022-11-19 16:13:07,21.4612,-71.1419,81.1,74,100,19.66
181,Qaanaaq,GL,2022-11-19 16:13:07,77.484,-69.3632,-7.58,64,66,7.78
182,Anadyr,RU,2022-11-19 16:13:08,64.75,177.4833,-17.75,97,67,6.85
183,Faanui,PF,2022-11-19 16:13:08,-16.4833,-151.75,77.92,79,57,10.98
184,Odesskoye,RU,2022-11-19 16:13:09,54.2111,72.9651,8.46,92,99,12.68
185,Munster,DE,2022-11-19 16:12:50,51.9624,7.6257,33.85,71,0,3.44
186,Cidreira,BR,2022-11-19 16:13:10,-30.1811,-50.2056,73.89,67,4,20.8
187,Sovetskiy,RU,2022-11-19 16:13:10,61.3614,63.5842,9.97,89,67,8.93
188,Tashtagol,RU,2022-11-19 16:13:10,52.7657,87.8894,18.27,91,100,1.88
189,Cardoso,BR,2022-11-19 16:13:11,-20.0819,-49.9142,97.05,23,3,7.09
190,Labuhan,ID,2022-11-19 16:13:11,-6.8844,112.2051,80.4,83,98,6.51
191,Finsterwalde,DE,2022-11-19 16:13:12,51.6333,13.7167,30.52,71,56,6.22
192,Josefina,PH,2022-11-19 16:13:12,8.2,123.5333,70.0,97,100,2.06
193,Boyuibe,BO,2022-11-19 16:13:13,-20.4167,-63.2833,98.01,19,16,12.01
194,Walvis Bay,NA,2022-11-19 16:13:13,-22.9575,14.5053,63.09,58,85,22.84
195,Ketchikan,US,2022-11-19 16:13:13,55.3422,-131.6461,39.87,59,100,4.43
196,Lakes Entrance,AU,2022-11-19 16:13:14,-37.8811,147.981,60.17,94,97,10.16
197,Ayan,RU,2022-11-19 16:13:14,56.45,138.1667,22.41,79,100,5.97
198,Aswan,EG,2022-11-19 16:13:15,24.0934,32.907,74.34,19,0,10.56
199,Chokurdakh,RU,2022-11-19 16:13:15,70.6333,147.9167,-8.68,97,100,12.84
200,Pangody,RU,2022-11-19 16:13:15,65.85,74.4859,-3.89,94,100,12.62
201,Blagoyevo,RU,2022-11-19 16:13:16,63.3667,47.9167,10.99,94,56,4.25
202,Saint-Francois,FR,2022-11-19 16:13:16,46.4154,3.9054,44.04,87,100,10.36
203,Lavrentiya,RU,2022-11-19 16:13:17,65.5833,-171.0,21.4,92,100,4.05
204,Ahipara,NZ,2022-11-19 16:08:33,-35.1667,173.1667,60.03,92,32,12.17
205,Iracoubo,GF,2022-11-19 16:13:17,5.4802,-53.2011,83.48,69,99,10.2
206,Tazovskiy,RU,2022-11-19 16:09:12,67.4667,78.7,-21.91,100,96,6.26
207,Mackay,AU,2022-11-19 16:13:18,-21.15,149.2,79.68,81,38,14.74
208,Hobyo,SO,2022-11-19 16:13:18,5.3505,48.5268,81.52,73,4,10.85
209,Guerrero Negro,MX,2022-11-19 16:13:19,27.9769,-114.0611,61.32,61,0,3.44
210,Louis Trichardt,ZA,2022-11-19 16:13:19,-23.0439,29.9032,88.16,26,33,3.4
211,Isangel,VU,2022-11-19 16:13:19,-19.55,169.2667,77.81,82,88,1.25
212,Frankfort,ZA,2022-11-19 16:13:20,-27.2667,28.4833,76.71,21,76,12.91
213,Wasco,US,2022-11-19 16:13:20,35.5941,-119.341,45.14,80,0,0.0
214,Matagami,CA,2022-11-19 16:13:21,49.7502,-77.6328,19.51,79,100,14.97
215,Kawalu,ID,2022-11-19 16:13:21,-7.3817,108.2082,72.82,94,50,2.19
216,Doha,QA,2022-11-19 16:11:38,25.2867,51.5333,80.58,65,0,14.97
217,Bubaque,GW,2022-11-19 16:13:22,11.2833,-15.8333,84.42,47,84,8.81
218,Atambua,ID,2022-11-19 16:13:22,-9.1061,124.8925,74.97,88,100,0.78
219,Tucuman,AR,2022-11-19 16:13:03,-26.8241,-65.2226,95.0,26,14,5.75
220,Gillette,US,2022-11-19 16:10:06,44.2911,-105.5022,20.32,56,100,9.22
221,Belyy Yar,RU,2022-11-19 16:13:23,53.6039,91.3903,15.85,75,82,6.71
222,Mongoumba,CF,2022-11-19 16:13:23,3.6415,18.5936,84.15,54,100,2.86
223,Mezen,RU,2022-11-19 16:13:24,65.8522,44.24,27.7,89,79,11.18
224,Kristianstad,SE,2022-11-19 16:13:24,56.0313,14.1524,33.94,80,100,8.86
225,Dabakala,CI,2022-11-19 16:14:25,8.3667,-4.4333,91.74,26,31,3.87
226,Tulsipur,NP,2022-11-19 16:14:25,28.131,82.2973,60.24,83,0,4.56
227,Dicabisagan,PH,2022-11-19 16:14:26,17.0818,122.4157,77.9,90,99,3.44
228,Pemberton,CA,2022-11-19 16:14:26,50.3164,-122.8027,30.13,71,85,0.25
229,Cap Malheureux,MU,2022-11-19 16:14:26,-19.9842,57.6142,73.47,66,57,1.01
230,Yumen,CN,2022-11-19 16:14:27,40.2833,97.2,32.58,35,58,6.49
231,Lagoa,PT,2022-11-19 16:14:28,39.05,-27.9833,63.77,89,100,22.86
232,Izhma,RU,2022-11-19 16:14:28,65.0083,53.9113,22.77,92,100,10.65
233,Salug,PH,2022-11-19 16:14:28,8.1147,122.7833,77.67,89,100,5.12
234,Banda Aceh,ID,2022-11-19 16:14:01,5.5577,95.3222,79.93,81,98,10.67
235,Rock Springs,US,2022-11-19 16:10:40,41.5875,-109.2029,8.04,85,0,0.0
236,Carutapera,BR,2022-11-19 16:14:29,-1.195,-46.02,82.33,78,94,9.08
237,Chapais,CA,2022-11-19 16:14:29,49.7834,-74.8492,21.34,77,100,8.95
238,Wenling,CN,2022-11-19 16:14:30,28.3669,121.36,63.57,94,48,3.85
239,Aripuana,BR,2022-11-19 16:14:30,-9.1667,-60.6333,83.77,72,100,2.53
240,Wasilla,US,2022-11-19 16:14:25,61.5814,-149.4394,32.52,76,0,5.01
241,Castro,BR,2022-11-19 16:14:31,-24.7911,-50.0119,74.75,46,0,4.9
242,Vila Franca Do Campo,PT,2022-11-19 16:14:31,37.7167,-25.4333,67.19,70,8,8.93
243,Poso,ID,2022-11-19 16:14:32,-1.3959,120.7524,77.95,81,100,3.6
244,Caucasia,CO,2022-11-19 16:14:32,7.9865,-75.1935,85.39,68,63,0.56
245,Kavieng,PG,2022-11-19 16:14:32,-2.5744,150.7967,81.61,74,85,10.45
246,Nome,US,2022-11-19 16:11:30,64.5011,-165.4064,31.15,93,100,0.0
247,Solms,DE,2022-11-19 16:14:33,50.7667,9.6,30.34,89,25,2.73
248,Biharamulo,TZ,2022-11-19 16:14:33,-2.6319,31.3089,64.44,88,95,3.09
249,Hammerfest,NO,2022-11-19 16:14:34,70.6634,23.6821,34.25,60,8,4.61
250,Usinsk,RU,2022-11-19 16:14:34,65.9939,57.5281,24.26,96,100,16.13
251,Kavaratti,IN,2022-11-19 16:14:35,10.5669,72.642,81.28,58,5,4.34
252,Monte Alegre,BR,2022-11-19 16:14:35,-2.0078,-54.0692,92.73,42,91,3.98
253,Bairnsdale,AU,2022-11-19 16:14:36,-37.8333,147.6167,60.06,95,82,1.01
254,Arraial Do Cabo,BR,2022-11-19 16:14:36,-22.9661,-42.0278,78.66,53,40,11.5
255,Sosnogorsk,RU,2022-11-19 16:14:36,63.6023,53.8817,17.64,90,99,9.62
256,Clyde River,CA,2022-11-19 16:14:37,70.4692,-68.5914,-18.29,94,36,2.71
257,Singaparna,ID,2022-11-19 16:14:37,-7.3515,108.111,71.89,94,54,2.26
258,Naze,JP,2022-11-19 16:14:38,28.3667,129.4833,70.18,87,89,0.09
259,Bichena,ET,2022-11-19 16:14:38,10.45,38.2,57.67,39,81,4.59
260,Muroto,JP,2022-11-19 16:14:38,33.2833,134.15,61.38,64,5,5.35
261,Upernavik,GL,2022-11-19 16:14:39,72.7868,-56.1549,12.11,84,77,11.14
262,Vila,PT,2022-11-19 16:14:39,42.0304,-8.1588,43.7,93,100,3.44
263,Elizabeth City,US,2022-11-19 16:14:40,36.2946,-76.2511,54.01,53,0,4.61
264,Auki,SB,2022-11-19 16:14:40,-8.7676,160.7034,77.18,87,88,3.4
265,Saint George,US,2022-11-19 16:10:28,37.1041,-113.5841,39.25,46,0,5.75
266,Nemuro,JP,2022-11-19 16:14:41,43.3236,145.575,41.99,63,92,1.77
267,Asau,RO,2022-11-19 16:12:43,46.4333,26.4,34.72,85,100,0.94
268,Zhanaozen,KZ,2022-11-19 16:14:41,43.3,52.8,51.21,50,15,7.81
269,Mirpur Sakro,PK,2022-11-19 16:14:42,24.5474,67.6277,78.91,65,0,6.87
270,Nuevo Progreso,MX,2022-11-19 16:14:42,23.1667,-97.95,69.48,63,85,8.01
271,Mount Isa,AU,2022-11-19 16:14:42,-20.7333,139.5,85.77,54,40,9.22
272,Chara,RU,2022-11-19 16:15:43,56.9064,118.2631,0.48,85,100,1.43
273,North Bend,US,2022-11-19 16:15:38,43.4065,-124.2243,39.16,60,0,6.91
274,Port Hardy,CA,2022-11-19 16:11:16,50.6996,-127.4199,39.18,55,100,6.04
275,Coihaique,CL,2022-11-19 16:15:43,-45.5752,-72.0662,56.01,43,75,6.91
276,Namtsy,RU,2022-11-19 16:15:44,62.7161,129.6658,-29.6,100,24,2.42
277,Haines Junction,CA,2022-11-19 16:15:44,60.7522,-137.5108,4.95,92,100,1.14
278,Awbari,LY,2022-11-19 16:15:44,26.5921,12.7805,76.14,15,69,10.38
279,Rancho Palos Verdes,US,2022-11-19 16:13:29,33.7445,-118.387,67.19,50,0,1.99
280,Baragaon,IN,2022-11-19 16:15:45,25.4333,82.8167,62.58,77,0,2.3
281,Northam,GB,2022-11-19 16:15:45,51.0333,-4.2167,48.25,85,99,9.82
282,Vanimo,PG,2022-11-19 16:15:46,-2.6741,141.3028,79.12,86,94,3.38
283,Klaksvik,FO,2022-11-19 16:15:46,62.2266,-6.589,49.12,94,95,31.29
284,Skjervoy,NO,2022-11-19 16:15:47,70.0311,20.9714,21.2,46,1,5.57
285,Malanje,AO,2022-11-19 16:15:47,-9.5402,16.341,78.13,61,71,2.73
286,Hualmay,PE,2022-11-19 16:15:48,-11.0964,-77.6139,69.48,70,100,9.24
287,Strelka,RU,2022-11-19 16:15:48,58.0728,93.0344,4.62,98,87,3.62
288,Rajnagar,IN,2022-11-19 16:15:48,24.8833,79.9167,62.22,46,0,0.81
289,Bemidji,US,2022-11-19 16:12:23,47.4736,-94.8803,10.9,78,0,18.41
290,Port Blair,IN,2022-11-19 16:15:49,11.6667,92.75,78.84,83,20,2.3
291,Lixourion,GR,2022-11-19 16:15:50,38.2019,20.4314,67.68,88,55,16.28
292,Byron Bay,AU,2022-11-19 16:15:50,-28.65,153.6167,69.94,85,2,17.69
293,Sundsvall,SE,2022-11-19 16:15:50,62.3913,17.3063,26.56,86,75,11.5
294,Kodiak,US,2022-11-19 16:11:29,57.79,-152.4072,44.11,87,100,19.57
295,Sitka,US,2022-11-19 16:15:51,57.0531,-135.33,46.29,66,100,21.85
296,Puerto Carreno,CO,2022-11-19 16:15:51,6.189,-67.4859,85.98,66,40,6.91
297,Sayyan,YE,2022-11-19 16:15:52,15.1718,44.3244,57.15,29,5,7.05
298,Palaikastron,GR,2022-11-19 16:15:52,35.2,26.25,67.75,81,0,10.27
299,Kaitangata,NZ,2022-11-19 16:15:53,-46.2817,169.8464,51.82,98,100,4.65
300,Umea,SE,2022-11-19 16:15:53,63.8284,20.2597,28.33,93,100,6.91
301,Totness,SR,2022-11-19 16:15:54,5.8833,-56.3167,83.91,69,86,9.26
302,Banjarmasin,ID,2022-11-19 16:12:11,-3.3244,114.591,78.94,94,100,2.86
303,Oktyabrskiy,RU,2022-11-19 16:15:54,54.4815,53.471,11.23,95,84,5.99
304,Beloha,MG,2022-11-19 16:15:54,-25.1667,45.05,78.28,51,40,7.99
305,Gorgan,IR,2022-11-19 16:15:55,36.8387,54.4348,55.36,82,0,6.91
306,Prado,BR,2022-11-19 16:15:55,-17.3411,-39.2208,76.84,79,100,11.77
307,Ulaanbaatar,MN,2022-11-19 16:15:56,47.9077,106.8832,-12.87,77,0,4.47
308,Rosa Zarate,EC,2022-11-19 16:15:56,0.3333,-79.4667,83.44,61,86,1.25
309,Gurkovo,BG,2022-11-19 16:15:56,42.6667,25.8,62.06,77,100,5.46
310,Fairbanks,US,2022-11-19 16:14:33,64.8378,-147.7164,15.76,88,100,0.0
311,Aykhal,RU,2022-11-19 16:15:57,66.0,111.5,-6.02,98,85,15.82
312,Kimbe,PG,2022-11-19 16:15:57,-5.5502,150.1429,75.7,92,83,2.95
313,Skibbereen,IE,2022-11-19 16:15:58,51.55,-9.2667,51.12,92,100,14.83
314,Fortuna,US,2022-11-19 16:15:04,40.5982,-124.1573,41.34,70,0,11.5
315,Neyshabur,IR,2022-11-19 16:15:58,36.2133,58.7958,54.46,37,0,3.02
316,Los Reyes,MX,2022-11-19 16:15:59,19.35,-98.9667,65.86,63,75,3.44
317,Raga,SS,2022-11-19 16:15:59,8.4596,25.678,83.21,22,64,4.52
318,Launceston,AU,2022-11-19 16:16:00,-41.45,147.1667,58.15,96,100,4.61
319,Rio Esteban,HN,2022-11-19 16:16:00,15.8333,-86.3,80.65,78,64,3.91
320,Dutlwe,BW,2022-11-19 16:16:01,-23.9833,23.9,89.83,13,73,18.68
321,Hasaki,JP,2022-11-19 16:17:01,35.7333,140.8333,50.22,57,93,13.15
322,Kingman,US,2022-11-19 16:13:35,35.1894,-114.053,45.75,30,0,14.0
323,Daru,PG,2022-11-19 16:17:02,-9.0763,143.2092,81.27,85,99,8.14
324,Pyshma,RU,2022-11-19 16:17:02,56.9523,63.2513,0.61,99,50,3.91
325,Turan,VN,2022-11-19 16:17:03,16.0678,108.2208,80.58,83,40,5.75
326,Saint-Joseph,RE,2022-11-19 16:17:03,-21.3667,55.6167,73.78,74,31,6.78
327,Isehara,JP,2022-11-19 16:17:04,35.3906,139.3078,56.86,61,99,8.14
328,Nueva Guinea,NI,2022-11-19 16:17:04,11.6876,-84.4562,72.09,98,99,6.2
329,Kamiiso,JP,2022-11-19 16:17:04,41.8167,140.65,42.3,76,19,2.75
330,Lerwick,GB,2022-11-19 16:15:43,60.1545,-1.1494,46.4,63,100,28.23
331,Sao Filipe,CV,2022-11-19 16:17:05,14.8961,-24.4956,80.35,60,63,11.14
332,Khatanga,RU,2022-11-19 16:17:05,71.9667,102.5,-34.28,99,100,1.79
333,Bulgan,MN,2022-11-19 16:17:06,48.8125,103.5347,7.21,97,46,2.33
334,Ostrovnoy,RU,2022-11-19 16:17:06,68.0531,39.5131,28.44,85,100,17.16
335,Sorland,NO,2022-11-19 16:17:07,67.667,12.6934,42.66,59,0,5.1
336,Havre,FR,2022-11-19 16:17:07,49.5833,0.3333,49.77,71,75,9.22
337,Jiangyou,CN,2022-11-19 16:17:08,31.7667,104.7167,59.67,70,99,1.14
338,Locri,IT,2022-11-19 16:15:58,38.2414,16.2623,67.32,83,99,12.12
339,Marsh Harbour,BS,2022-11-19 16:17:08,26.5412,-77.0636,77.25,73,100,11.61
340,Ngunguru,NZ,2022-11-19 16:17:09,-35.6167,174.5,60.19,88,1,10.29
341,Constantine,DZ,2022-11-19 16:17:09,36.365,6.6147,53.01,62,75,12.66
342,Brigantine,US,2022-11-19 16:15:26,39.4101,-74.3646,41.14,44,0,9.22
343,Sampit,ID,2022-11-19 16:17:10,-2.5333,112.95,73.94,98,100,1.34
344,Puerto Del Rosario,ES,2022-11-19 16:17:11,28.5004,-13.8627,73.15,56,20,26.46
345,Hearst,CA,2022-11-19 16:14:58,49.6835,-83.6665,23.34,83,100,7.4
346,Mecca,SA,2022-11-19 16:15:04,21.4267,39.8261,80.83,58,0,12.84
347,Portland,US,2022-11-19 16:12:14,45.5234,-122.6762,39.13,60,0,16.11
348,Gat,IL,2022-11-19 16:17:11,31.61,34.7642,72.28,44,0,6.35
349,Palmares Do Sul,BR,2022-11-19 16:17:12,-30.2578,-50.5097,78.96,50,3,16.2
350,Muzaffarnagar,IN,2022-11-19 16:13:23,29.4667,77.6833,64.49,47,33,4.14
351,Avera,US,2022-11-19 16:15:12,33.194,-82.5271,54.55,43,26,6.13
352,Leningradskiy,RU,2022-11-19 16:17:13,69.3833,178.4167,-13.86,97,46,5.37
353,Quatre Cocos,MU,2022-11-19 16:17:14,-20.2078,57.7625,73.51,64,8,7.34
354,Wilmington,US,2022-11-19 16:16:43,34.2257,-77.9447,60.01,45,0,6.91
355,Keningau,MY,2022-11-19 16:17:15,5.3378,116.1602,71.42,98,97,0.72
356,Songjianghe,CN,2022-11-19 16:17:15,42.1859,127.479,32.49,90,79,5.91
357,Talnakh,RU,2022-11-19 16:14:40,69.4865,88.3972,1.2,97,100,6.08
358,Atherton,GB,2022-11-19 16:17:16,53.5237,-2.4935,48.45,88,100,4.18
359,Opuwo,NA,2022-11-19 16:17:16,-18.0607,13.84,88.47,21,100,17.78
360,Bogalusa,US,2022-11-19 16:17:16,30.791,-89.8487,49.86,66,0,5.75
361,Port Lincoln,AU,2022-11-19 16:17:17,-34.7333,135.8667,55.06,72,17,19.8
362,Maniitsoq,GL,2022-11-19 16:17:17,65.4167,-52.9,23.97,79,55,9.55
363,Voznesenye,RU,2022-11-19 16:17:18,61.0106,35.4781,25.93,80,8,11.16
364,Qostanay,KZ,2022-11-19 16:17:18,53.1667,63.5833,8.89,85,0,11.18
365,Chardara,KZ,2022-11-19 16:18:18,41.2547,67.9692,55.11,73,38,16.87
366,Hamilton,US,2022-11-19 16:15:33,39.1834,-84.5333,30.43,57,20,16.11
367,Victoria,HK,2022-11-19 16:15:07,22.2855,114.1577,78.19,85,98,4.0
368,Richards Bay,ZA,2022-11-19 16:18:19,-28.783,32.0377,70.99,90,100,14.63
369,Zaysan,KZ,2022-11-19 16:18:19,47.4667,84.8667,24.73,95,100,2.64
370,Pisco,PE,2022-11-19 16:18:20,-13.7,-76.2167,68.05,77,10,10.36
371,Viedma,AR,2022-11-19 16:18:20,-40.8135,-62.9967,88.97,17,32,19.51
372,Saint-Augustin,CA,2022-11-19 16:18:21,51.226,-58.6502,27.52,85,84,9.66
373,Beringovskiy,RU,2022-11-19 16:18:21,63.05,179.3167,10.36,85,100,15.14
374,Lambarene,GA,2022-11-19 16:18:22,-0.7001,10.2406,83.86,78,72,1.92
375,Bintulu,MY,2022-11-19 16:18:23,3.1667,113.0333,77.41,94,40,2.3
376,Oistins,BB,2022-11-19 16:18:23,13.0667,-59.5333,87.89,66,40,20.71
377,Nanning,CN,2022-11-19 16:18:24,22.8167,108.3167,66.65,76,81,5.64
378,Mino,JP,2022-11-19 16:16:49,34.8269,135.4706,56.89,72,1,2.3
379,Zhigansk,RU,2022-11-19 16:18:24,66.7697,123.3711,-8.63,97,100,17.63
380,Necochea,AR,2022-11-19 16:18:25,-38.5473,-58.7368,77.72,57,8,4.47
381,Boa Vista,BR,2022-11-19 16:14:00,2.8197,-60.6733,89.58,51,40,10.36
382,Kashan,IR,2022-11-19 16:18:26,33.9831,51.4364,56.79,41,0,0.0
383,Ndele,CF,2022-11-19 16:18:26,8.4109,20.6473,84.76,28,36,4.25
384,Aberystwyth,GB,2022-11-19 16:18:27,52.4155,-4.0829,45.9,80,100,8.41
385,Lapua,FI,2022-11-19 16:18:27,62.9693,23.0088,28.11,96,10,3.74
386,Nantucket,US,2022-11-19 16:13:38,41.2835,-70.0995,46.51,62,0,8.05
387,Vila Velha,BR,2022-11-19 16:14:20,-20.3297,-40.2925,80.55,64,20,17.27
388,Weyburn,CA,2022-11-19 16:15:28,49.6668,-103.8511,16.02,79,98,10.36
389,Uvat,RU,2022-11-19 16:18:28,59.1433,68.8953,3.92,95,85,8.14
390,Ust-Ilimsk,RU,2022-11-19 16:18:28,58.0006,102.6619,-3.28,98,42,3.67
391,Puerto Escondido,MX,2022-11-19 16:18:29,15.85,-97.0667,86.83,70,0,5.75
392,Evensk,RU,2022-11-19 16:18:29,61.95,159.2333,-8.23,76,11,7.14
393,Hohhot,CN,2022-11-19 16:18:30,40.8106,111.6522,28.69,86,0,2.24
394,Yurla,RU,2022-11-19 16:18:30,59.3259,54.3223,7.02,97,26,2.04
395,Curup,ID,2022-11-19 16:18:31,-3.4667,102.5333,66.99,99,100,2.01
396,Hami,CN,2022-11-19 16:18:31,42.8,93.45,38.62,43,100,5.35
397,Bhatkal,IN,2022-11-19 16:18:32,13.9667,74.5667,75.88,55,61,5.35
398,Kaeo,NZ,2022-11-19 16:18:32,-35.1,173.7833,58.32,95,39,9.48
399,Geraldton,AU,2022-11-19 16:18:33,-28.7667,114.6,55.81,88,0,9.22
400,Moindou,NC,2022-11-19 16:18:33,-21.6924,165.677,72.34,79,93,9.28
401,Lorengau,PG,2022-11-19 16:18:34,-2.0226,147.2712,81.14,73,99,7.58
402,Grand Gaube,MU,2022-11-19 16:18:34,-20.0064,57.6608,73.8,67,44,1.99
403,Guiyang,CN,2022-11-19 16:18:35,26.5833,106.7167,54.09,87,75,4.47
404,Jieshi,CN,2022-11-19 16:18:35,22.8134,115.8257,72.79,83,74,12.21
405,Neuquen,AR,2022-11-19 16:17:31,-38.9516,-68.0591,78.69,21,0,9.22
406,Linxia,CN,2022-11-19 16:18:35,35.6003,103.2064,41.25,45,0,2.01
407,Matara,LK,2022-11-19 16:18:36,5.9485,80.5353,76.21,85,84,5.64
408,Burnie,AU,2022-11-19 16:18:36,-41.0667,145.9167,56.95,97,100,8.97
409,Huarmey,PE,2022-11-19 16:18:37,-10.0681,-78.1522,68.29,74,100,8.08
410,Ajdabiya,LY,2022-11-19 16:18:37,30.7554,20.2263,75.45,20,8,10.0
411,Venado Tuerto,AR,2022-11-19 16:19:38,-33.7456,-61.9688,90.68,23,100,8.77
412,Kamenka,RU,2022-11-19 16:19:38,51.3223,42.7678,33.06,92,100,14.61
413,Nouadhibou,MR,2022-11-19 16:19:38,20.931,-17.0347,82.38,39,2,25.32
414,Kibala,TD,2022-11-19 16:19:39,9.1104,18.3463,88.38,24,3,3.53
415,La Orilla,MX,2022-11-19 16:19:39,17.9833,-102.2333,81.27,67,100,1.19
416,Matamoros,MX,2022-11-19 16:19:40,25.5333,-103.25,53.71,73,100,0.0
417,Kemijarvi,FI,2022-11-19 16:19:40,66.7131,27.4306,19.11,99,64,2.44
418,Urumqi,CN,2022-11-19 16:19:40,43.801,87.6005,29.35,80,75,6.71
419,Las Choapas,MX,2022-11-19 16:19:41,17.9333,-94.0833,75.88,86,96,8.12
420,Dunmore Town,BS,2022-11-19 16:19:41,25.5,-76.65,80.04,75,100,14.43
421,Zabol,AF,2022-11-19 16:19:42,32.25,67.25,48.16,55,11,10.49
422,Ziyang,CN,2022-11-19 16:19:42,29.2497,117.8547,61.48,97,100,1.9
423,Seoul,KR,2022-11-19 16:14:52,37.5683,126.9778,53.04,53,64,2.3
424,Melo,UY,2022-11-19 16:19:43,-32.3667,-54.1833,86.45,41,34,7.87
425,Simbahan,PH,2022-11-19 16:19:43,6.3032,120.5836,82.47,82,99,13.85
426,Polazna,RU,2022-11-19 16:19:44,58.2946,56.4055,0.79,97,45,2.39
427,Mahibadhoo,MV,2022-11-19 16:19:44,3.7833,72.9667,81.43,76,63,12.33
428,Mahanje,TZ,2022-11-19 16:19:44,-9.9333,35.3333,75.56,53,75,5.61
429,Lindsay,US,2022-11-19 16:19:45,36.203,-119.0882,59.0,87,0,0.0
430,Troitsko-Pechorsk,RU,2022-11-19 16:19:45,62.7084,56.1964,14.23,89,100,7.38
431,Sioux Lookout,CA,2022-11-19 16:19:46,50.1001,-91.917,3.27,78,75,14.97
432,Pingzhuang,CN,2022-11-19 16:19:46,42.0372,119.2889,32.47,47,4,3.44
433,Koungheul,SN,2022-11-19 16:19:47,13.9833,-14.8,93.99,6,100,6.53
434,Gobabis,NA,2022-11-19 16:19:47,-22.45,18.9667,88.47,11,24,18.81
435,Rampur Hat,IN,2022-11-19 16:19:48,24.1667,87.7833,68.41,52,75,6.4
436,Cherskiy,RU,2022-11-19 16:19:48,68.75,161.3,-12.75,99,100,11.79
437,Iqaluit,CA,2022-11-19 16:19:49,63.7506,-68.5145,-2.31,77,75,18.41
438,Westport,US,2022-11-19 16:14:50,41.1415,-73.3579,40.44,53,0,8.05
439,Gilbues,BR,2022-11-19 16:19:49,-9.8317,-45.3439,86.56,45,100,5.48
440,Maragogi,BR,2022-11-19 16:15:35,-9.0122,-35.2225,83.17,60,79,11.12
441,Turukhansk,RU,2022-11-19 16:19:50,65.8167,87.9833,0.27,91,100,12.41
442,Bukama,CD,2022-11-19 16:19:50,-9.2,25.85,77.2,78,100,3.42
443,Tocopilla,CL,2022-11-19 16:19:51,-22.092,-70.1979,70.03,67,27,6.55
444,Verkhnevilyuysk,RU,2022-11-19 16:19:51,63.4453,120.3167,2.46,92,100,6.71
445,Eureka,US,2022-11-19 16:19:51,40.8021,-124.1637,41.61,44,33,5.64
446,Ginda,IN,2022-11-19 16:19:52,30.6945,78.4932,48.34,53,46,5.64
447,Morro Bay,US,2022-11-19 16:19:52,35.3658,-120.8499,58.33,63,0,6.67
448,Garowe,SO,2022-11-19 16:19:53,8.4054,48.4845,85.01,50,88,17.74
449,Miyako,JP,2022-11-19 16:19:53,39.6367,141.9525,47.05,69,77,3.74
450,Broome,US,2022-11-19 16:19:53,42.2506,-75.833,32.45,59,100,12.66
451,Saint-Pierre,RE,2022-11-19 16:19:54,-21.3393,55.4781,74.88,64,0,0.0
452,Nhulunbuy,AU,2022-11-19 16:19:54,-12.2333,136.7667,77.61,88,94,0.0
453,Kanniyakumari,IN,2022-11-19 16:19:55,8.0833,77.5667,80.17,66,100,4.5
454,Pec,XK,2022-11-19 16:19:55,42.6591,20.2883,51.39,97,100,1.28
455,Gordeyevka,RU,2022-11-19 16:19:55,52.9569,31.9703,24.76,97,100,5.91
456,Sibolga,ID,2022-11-19 16:19:56,1.7427,98.7792,74.61,92,100,0.89
457,Camacha,PT,2022-11-19 16:19:56,33.0833,-16.3333,63.82,55,75,14.97
458,Bairiki,KI,2022-11-19 16:19:57,1.3292,172.9752,80.35,74,78,19.3
459,Harper,LR,2022-11-19 16:20:57,4.375,-7.7169,81.41,70,33,5.84
460,Te Anau,NZ,2022-11-19 16:20:58,-45.4167,167.7167,55.83,92,97,0.81
461,Ciudad Bolivar,VE,2022-11-19 16:17:47,8.1222,-63.5497,88.03,54,69,9.22
462,Trelew,AR,2022-11-19 16:20:58,-43.249,-65.3051,77.05,17,99,18.54
463,Touros,BR,2022-11-19 16:20:59,-5.1989,-35.4608,84.83,63,100,14.2
464,Tilichiki,RU,2022-11-19 16:20:59,60.4667,166.1,-3.69,99,87,8.01
465,Mercedes,AR,2022-11-19 16:21:00,-34.6515,-59.4307,92.79,20,64,15.48
466,Mweka,CD,2022-11-19 16:21:00,-4.85,21.5667,77.68,68,94,3.04
467,Kiama,AU,2022-11-19 16:21:01,-34.6833,150.8667,66.99,84,80,1.01
468,Samarai,PG,2022-11-19 16:21:01,-10.6167,150.6667,82.72,78,59,9.78
469,Mangai,CD,2022-11-19 16:21:01,-4.05,19.5333,78.78,68,91,1.88
470,Alaca,TR,2022-11-19 16:21:02,40.1683,34.8425,55.49,65,29,6.13
471,Murgab,TM,2022-11-19 16:21:02,37.4966,61.9714,57.07,77,3,4.61
472,Valdivia,CL,2022-11-19 16:18:05,-39.8142,-73.2459,62.69,46,99,6.93
473,Mayskiy,RU,2022-11-19 16:21:03,47.6931,40.1025,58.41,92,100,16.31
474,Altay,CN,2022-11-19 16:19:51,47.8667,88.1167,22.08,83,100,3.65
475,Bosaso,SO,2022-11-19 16:21:04,11.2842,49.1816,79.99,76,81,10.65
476,Chernyshevskiy,RU,2022-11-19 16:21:04,63.0128,112.4714,-4.18,97,72,5.64
477,Port-Gentil,GA,2022-11-19 16:21:04,-0.7193,8.7815,84.16,79,40,14.97
478,Payo,ID,2022-11-19 16:21:05,-3.7508,103.6372,73.26,97,91,1.16
479,Novopavlovka,RU,2022-11-19 16:21:05,51.2172,109.2091,1.11,99,14,2.13
480,Palauig,PH,2022-11-19 16:21:06,15.435,119.9045,77.5,85,100,5.32
481,Rawah,IQ,2022-11-19 16:21:06,34.4816,41.9093,64.56,43,30,0.94
482,Bahce,TR,2022-11-19 16:21:06,37.1972,36.5766,57.13,74,31,1.36
483,Rantauprapat,ID,2022-11-19 16:21:07,2.1,99.8333,72.68,99,100,1.21
484,Yar-Sale,RU,2022-11-19 16:17:43,66.8333,70.8333,-6.99,90,97,19.57
485,North Fort Myers,US,2022-11-19 16:21:08,26.6673,-81.8801,76.01,67,0,12.66
486,Marsa Matruh,EG,2022-11-19 16:21:08,31.3525,27.2453,71.76,42,0,4.63
487,Killybegs,IE,2022-11-19 16:21:09,54.6333,-8.45,44.31,87,100,27.04
488,Narsaq,GL,2022-11-19 16:21:09,60.9167,-46.05,26.82,80,100,6.06
489,Cesis,LV,2022-11-19 16:21:10,57.3119,25.2746,22.71,92,100,5.88
490,La Rioja,ES,2022-11-19 16:21:10,42.25,-2.5,40.78,80,93,11.59
491,Jacareacanga,BR,2022-11-19 16:21:10,-6.2222,-57.7528,93.07,44,96,3.69
492,Pointe Michel,DM,2022-11-19 16:21:11,15.25,-61.3833,86.94,54,20,3.44
493,Bambanglipuro,ID,2022-11-19 16:21:11,-7.95,110.2833,76.98,87,96,3.06
494,Fort Nelson,CA,2022-11-19 16:21:12,58.8053,-122.7002,-6.21,77,40,0.0
495,Valparaiso,CL,2022-11-19 16:18:04,-33.0393,-71.6273,71.83,81,0,16.11
496,Rusera,IN,2022-11-19 16:21:12,25.75,86.0333,67.3,39,18,6.02
497,Baghdad,IQ,2022-11-19 16:21:13,33.3406,44.4009,64.31,68,0,10.36
498,Egvekinot,RU,2022-11-19 16:21:13,66.3167,-179.1667,-12.69,92,37,4.68
499,Arlit,NE,2022-11-19 16:21:14,18.7369,7.3853,85.05,8,100,4.29
500,Podor,MR,2022-11-19 16:21:14,16.6527,-14.9587,91.47,7,5,14.65
501,Garden Acres,US,2022-11-19 16:21:15,37.9638,-121.2294,48.45,65,0,0.0
502,Orkney,ZA,2022-11-19 16:22:15,-26.9802,26.6727,84.11,17,81,9.51
503,Tual,ID,2022-11-19 16:22:16,-5.6667,132.75,83.73,71,100,1.32
504,Dubai,AE,2022-11-19 16:21:29,25.2582,55.3047,84.13,65,0,6.91
505,Sembakung,ID,2022-11-19 16:22:16,3.8167,117.25,73.89,99,100,0.72
506,Kundiawa,PG,2022-11-19 16:22:17,-6.0167,144.9667,62.06,97,93,3.0
507,Safford,US,2022-11-19 16:22:17,32.834,-109.7076,49.12,42,0,11.5
508,Zambezi,ZM,2022-11-19 16:22:18,-13.5432,23.1047,84.49,35,64,3.44
509,Erenhot,CN,2022-11-19 16:22:18,43.6475,111.9767,23.0,37,82,4.97
510,Nanortalik,GL,2022-11-19 16:22:18,60.1432,-45.2371,31.41,84,100,11.45
511,Peleduy,RU,2022-11-19 16:22:19,59.6289,112.7406,-9.31,98,99,3.62
512,Coahuayana,MX,2022-11-19 16:22:19,18.7333,-103.6833,84.38,59,95,0.29
513,Sangar,RU,2022-11-19 16:22:20,63.9242,127.4739,-25.64,98,56,3.67
514,Swadlincote,GB,2022-11-19 16:22:20,52.774,-1.5574,48.22,86,40,4.61
515,Hays,US,2022-11-19 16:17:45,30.0502,-98.0336,38.21,89,100,3.0
516,Christchurch,NZ,2022-11-19 16:22:08,-43.5333,172.6333,55.9,94,75,0.0
517,Korla,CN,2022-11-19 16:22:21,41.7597,86.1469,38.91,45,100,4.23
518,Goroka,PG,2022-11-19 16:22:22,-6.0834,145.3873,60.78,98,83,1.45
519,Penzance,GB,2022-11-19 16:22:22,50.1186,-5.5371,50.68,68,100,18.12
520,Moose Factory,CA,2022-11-19 16:22:23,51.2585,-80.6094,21.2,79,100,8.05
521,Mount Gambier,AU,2022-11-19 16:22:23,-37.8333,140.7667,50.02,92,100,12.95
522,Kruisfontein,ZA,2022-11-19 16:22:24,-34.0033,24.7314,62.62,64,0,16.93
523,Preobrazheniye,RU,2022-11-19 16:22:24,42.9019,133.9064,40.75,77,100,4.5
524,Kingaroy,AU,2022-11-19 16:22:25,-26.5333,151.8333,64.58,94,36,9.86
525,Kimberley,ZA,2022-11-19 16:22:25,-28.7323,24.7623,76.69,14,0,17.27
526,Vardo,NO,2022-11-19 16:22:26,70.3705,31.1107,31.98,55,20,8.05
527,Hambantota,LK,2022-11-19 16:22:27,6.1241,81.1185,78.96,81,97,5.99
528,Itarema,BR,2022-11-19 16:22:27,-2.9248,-39.9167,87.78,51,89,15.23
529,Skelleftea,SE,2022-11-19 16:22:28,64.7507,20.9528,27.0,100,100,6.91
530,Uyskoye,RU,2022-11-19 16:22:28,54.3775,60.0047,1.8,98,44,5.01
531,Athabasca,CA,2022-11-19 16:22:29,54.7169,-113.2854,7.21,82,73,5.46
532,Plouzane,FR,2022-11-19 16:22:29,48.3833,-4.6167,50.18,73,0,5.75
533,Batouri,CM,2022-11-19 16:22:29,4.4333,14.3667,79.93,61,84,2.06
534,Faya,SA,2022-11-19 16:22:30,18.3851,42.4509,62.71,69,23,3.85
535,Saint-Denis,FR,2022-11-19 16:22:31,48.9167,2.3333,51.12,83,100,10.36
536,Scarborough,GB,2022-11-19 16:22:31,54.2797,-0.4044,43.16,77,93,8.99
537,Deputatskiy,RU,2022-11-19 16:22:32,69.3,139.9,-28.82,97,29,6.2
538,Chichli,IN,2022-11-19 16:22:32,22.8333,78.8167,59.41,47,22,2.15
539,Moyo,UG,2022-11-19 16:22:33,3.6609,31.7247,72.7,71,84,2.93
540,Comodoro Rivadavia,AR,2022-11-19 16:18:19,-45.8667,-67.5,64.26,29,0,23.02
541,Alice Springs,AU,2022-11-19 16:22:33,-23.7,133.8833,69.35,46,66,6.91
542,Tezu,IN,2022-11-19 16:22:34,27.9167,96.1667,63.25,51,10,4.0
543,Topolobampo,MX,2022-11-19 16:22:34,25.6,-109.05,66.11,59,40,0.0
544,Bushehr,IR,2022-11-19 16:22:34,28.9684,50.8385,71.69,68,46,9.22
545,Barcelona,ES,2022-11-19 16:22:35,41.3888,2.159,61.2,59,20,10.36
546,Marabba,SD,2022-11-19 16:22:35,12.35,32.1833,86.81,17,13,9.8
547,Batticaloa,LK,2022-11-19 16:22:35,7.7102,81.6924,76.96,87,100,12.82
548,Odweyne,SO,2022-11-19 16:22:36,9.4092,45.064,73.72,50,0,13.44
549,Pimentel,PE,2022-11-19 16:22:36,-6.8367,-79.9342,71.89,64,20,16.11
550,Kaitong,CN,2022-11-19 16:22:37,44.8135,123.15,31.42,46,0,17.02
551,Orel-Izumrud,RU,2022-11-19 16:23:37,43.4583,39.9244,59.02,76,100,15.66
552,Binika,IN,2022-11-19 16:23:38,21.0333,83.8,63.68,52,73,1.77
553,Pyaozerskiy,RU,2022-11-19 16:23:38,65.8333,31.1667,25.3,93,34,4.72
554,College,US,2022-11-19 16:23:39,64.8569,-147.8028,17.91,86,75,0.0
555,Tautira,PF,2022-11-19 16:23:39,-17.7333,-149.15,75.83,82,100,13.29
556,Kalmunai,LK,2022-11-19 16:23:40,7.4167,81.8167,76.62,86,100,12.77
557,Gornopravdinsk,RU,2022-11-19 16:23:40,60.05,69.9,6.17,94,99,9.33
558,Pundaguitan,PH,2022-11-19 16:23:40,6.3711,126.1689,82.08,75,100,7.61
559,Abalak,RU,2022-11-19 16:23:41,58.1286,68.5944,-0.9,97,13,6.67
560,Otradnoye,RU,2022-11-19 16:23:41,59.7775,30.8181,21.25,72,31,6.73
561,Kisangani,CD,2022-11-19 16:23:42,0.5167,25.2,79.16,83,40,0.0
562,Kamra,PK,2022-11-19 16:23:42,33.7473,73.5111,51.94,58,24,9.51
563,Sharan,RU,2022-11-19 16:23:42,54.8167,54.0,15.21,90,33,10.51
564,Plonsk,PL,2022-11-19 16:23:43,52.6235,20.3755,26.76,72,87,6.76
565,Ilhabela,BR,2022-11-19 16:23:43,-23.7781,-45.3581,75.4,61,6,10.4
566,Kuala Terengganu,MY,2022-11-19 16:23:44,5.3302,103.1408,78.75,89,20,3.44
567,Carahue,CL,2022-11-19 16:23:44,-38.7,-73.1667,61.14,47,73,8.01
568,Dakar,SN,2022-11-19 16:20:01,14.6937,-17.4441,94.08,53,72,17.76
569,Oyem,GA,2022-11-19 16:23:45,1.5995,11.5793,75.65,90,94,1.41
570,Coos Bay,US,2022-11-19 16:20:01,43.3665,-124.2179,39.24,60,0,6.91
571,Kazanskoye,RU,2022-11-19 16:21:22,55.6448,69.235,4.53,95,79,7.14
572,Kirakira,SB,2022-11-19 16:23:45,-10.4544,161.9205,79.36,83,66,3.44
573,Agirish,RU,2022-11-19 16:23:46,61.9247,63.0231,11.12,90,91,9.69
574,Namie,JP,2022-11-19 16:23:46,37.4833,141.0,48.31,68,61,2.21
575,Tigil,RU,2022-11-19 16:23:46,57.8,158.6667,10.53,96,95,4.92
576,Horodnya,UA,2022-11-19 16:23:47,51.8909,31.5974,20.66,98,90,7.27
577,Rivne,UA,2022-11-19 16:23:47,50.6231,26.2274,29.07,79,100,8.37
578,Sturgis,US,2022-11-19 16:23:23,41.7992,-85.4192,23.31,63,100,16.11
579,Khorinsk,RU,2022-11-19 16:23:48,52.1657,109.7726,3.07,93,11,3.0
580,Kutum,SD,2022-11-19 16:23:48,14.2,24.6667,73.09,16,4,9.57
581,Kachiry,KZ,2022-11-19 16:23:49,53.0675,76.1036,21.99,93,99,13.85
582,Kasane,BW,2022-11-19 16:23:49,-17.8167,25.15,93.29,17,0,10.36
583,Roma,US,2022-11-19 16:23:50,43.2128,-75.4557,33.39,57,40,8.05
584,Ankang,CN,2022-11-19 16:23:50,32.68,109.0172,55.65,76,10,1.19
585,Codrington,AU,2022-11-19 16:23:50,-38.2667,141.9667,52.21,87,100,17.27
586,Majengo,TZ,2022-11-19 16:23:51,-5.15,38.9833,72.77,95,100,5.1
587,Fukue,JP,2022-11-19 16:23:51,32.6881,128.8419,65.19,76,30,5.57
588,Andenes,NO,2022-11-19 16:23:52,69.3143,16.1194,30.18,80,0,10.36
589,Sunbury,AU,2022-11-19 16:23:52,-37.5833,144.7333,54.82,95,75,13.8
590,Mangrol,IN,2022-11-19 16:23:52,21.1167,70.1167,76.95,53,0,6.13
591,Nguru,NG,2022-11-19 16:23:53,12.8791,10.4526,89.1,13,4,7.81
592,Verkhnyaya Inta,RU,2022-11-19 16:23:53,65.9811,60.3094,17.56,95,100,15.43
593,Sistranda,NO,2022-11-19 16:23:54,63.7256,8.834,33.76,51,0,10.31
